"","applicant_name","year","quarter","applied","awarded","location","tags","volume","negativity_rating","permanence","price","contractprice","current_cost_per_tonne","capex","opex","quantification","thirdparty verification","net_neg sequestration_todate","lifetime mtco2e","gross project emissions","offer_quantity","contract_quantity","R_and_D_offer","awarded_factor","realised_cost_decrease","price_contract_diff","quantity_contract_diff","awardednum","effective_date","decision_date","patent_name","patent_region","patent_no","patent_no_list","application_number","file_date","file_year","assignee","citations","abandoned","classification_1","classification_2","classification_3","classification_4","classification_5","classification_6","classification_7","classification_8","inventor_1","previous_application_stripe","sum_patents","post_app_patents"
"1","44.01",2021,4,1,1,"Oman","Capture and storage",2920,0,1000,170,170,1000,NA,NA,NA,NA,NA,2890,39,2890,2941,0,"1",-830,0,-51,1,"05/12/2021",NA,"å†ç”Ÿå¯èƒ½ã‚¨ãƒãƒ«ã‚®ãƒ¼æºã‚’ä½¿ç”¨ã—ã¦æ’å¸¸çš„ã«äºŒé…¸åŒ–ç‚­ç´ ã‚’éš”é›¢ã™ã‚‹ãŸã‚ã®ã‚·ã‚¹ãƒ†ãƒ åŠã³æ–¹æ³•",NA,NA,"JP-7384477-B2",NA,2022-07-29,2022,"ãƒ—ãƒ­ãƒˆã‚¹ã‚¿ãƒ¼ãƒ»ã‚°ãƒ«ãƒ¼ãƒ—ãƒ»ãƒªãƒŸãƒ†ãƒƒãƒ‰",NA,NA,NA,NA,NA,NA,NA,NA,NA,NA,"ã‚¿ãƒ©ãƒ«ãƒ»ãƒã‚µãƒ³, ã‚«ãƒ©ãƒ³ãƒ»ã‚­ãƒ ã‚¸, ã‚¤ãƒ¼ãƒãƒ–ãƒ»ãƒ†ã‚¹ãƒ•ã‚¡ã‚¤",0,6,6
"2","8 Rivers",2021,4,1,0,"Arizona, USA","dac,mineralization",2446,0,1000,460,NA,500,NA,NA,NA,NA,NA,2446,446,2446,NA,NA,"0",-40,0,0,0,NA,NA,"Control systems and methods suitable for use with power production systems and methods",NA,NA,"US-11473509-B2",NA,2021-03-04,2021,"8 Rivers Capital, Llc",NA,NA,NA,NA,NA,NA,NA,NA,NA,NA,"Jeremy Eron Fetvedt, Rodney John Allam",0,77,13
"3","8 Rivers - Origen",2022,2,1,1,NA,"Capture and storage",NA,NA,NA,1300,1800,1000,170,830,0,0,NA,1711,570,1100,278,0,"1",300,-500,822,1,"30/06/2022",NA,"Grid-energy firming process",NA,NA,"GB-202001961-D0",NA,2020-02-13,2020,"Origen Power Ltd",NA,NA,NA,NA,NA,NA,NA,NA,NA,NA,NA,1,5,0
"4","Airhive",2023,3,1,1,NA,"DAC",NA,NA,NA,530,530,530,182,196,19,22,NA,NA,NA,943,943,0,"1",0,0,0,1,NA,NA,"Direct air capture of carbon dioxide",NA,NA,"GB202308761D0",NA,2023-06-12,2023,"Airhive Ltd",NA,NA,NA,NA,NA,NA,NA,NA,NA,NA,NA,0,1,0
"5","Alkali Earth",2023,3,1,1,NA,"Enhanced Weathering",NA,NA,NA,322.45,370,NA,NA,NA,NA,NA,NA,NA,NA,1551,1351,0,"1",NA,-47.55,200,1,NA,NA,NA,NA,NA,NA,NA,NA,NA,NA,NA,NA,NA,NA,NA,NA,NA,NA,NA,NA,NA,0,1,0
"6","Andes",2023,3,1,0,NA,NA,NA,NA,NA,300,NA,NA,NA,NA,NA,NA,NA,NA,NA,1666.67,NA,NA,"0",NA,0,0,0,NA,NA,NA,NA,NA,NA,NA,NA,NA,NA,NA,NA,NA,NA,NA,NA,NA,NA,NA,NA,NA,0,1,0
"7","Andes Ag",2022,4,1,0,NA,NA,NA,NA,NA,157,NA,157,0,51.77,98.95,6.28,NA,75000,52.02,5000,NA,NA,"0",0,0,0,0,NA,NA,"Compositions and methods for producing bicarbonate and minerals","US",NA,"US20230322641A1","US18/135,668",2023-04-17,2023,"Andes Ag Inc",2,0,NA,NA,NA,NA,NA,NA,NA,NA,"Gonzalo Fuenzalida, Tania Timmermann, Bjorn Traag, Lina Leon, Naresh Pandey, Raghuveer Singh",0,3,1
"8","Andes Bio",2022,2,1,0,NA,NA,NA,NA,NA,25,NA,25,NA,NA,NA,NA,NA,75000,4.38,74995.62,NA,NA,"0",0,0,0,0,NA,NA,NA,NA,NA,NA,NA,NA,NA,NA,NA,NA,NA,NA,NA,NA,NA,NA,NA,NA,NA,0,1,0
"9","Arbon",2023,3,1,1,NA,"DAC",NA,NA,NA,180,575,NA,NA,NA,NA,NA,NA,NA,NA,2777,173,0,"1",NA,-395,2604,1,NA,NA,NA,NA,NA,NA,NA,NA,NA,NA,NA,NA,NA,NA,NA,NA,NA,NA,NA,NA,NA,0,1,0
"10","Arbor",2022,4,1,1,NA,"Capture and storage",NA,NA,NA,500,500,500,40,71.5,0,0,NA,1316000,64800,1000,667,0,"1",0,0,333,1,"15/12/2022",NA,NA,NA,NA,NA,NA,NA,NA,"Arbor Energy and Resources Corporation",NA,NA,NA,NA,NA,NA,NA,NA,NA,NA,NA,0,1,0
"11","AspiraDAC",2022,2,1,1,NA,"Capture and storage",NA,NA,NA,1000,1000,1000,NA,NA,NA,NA,NA,3300,1980,3100,500,0,"1",0,0,2600,1,"30/06/2022",NA,"Carbon dioxide capture systems, methods and apparatus","Worldwide",NA,"AU2023902936A0","AU2023902936A ",2023-09-12,2023,"Aspiradac Pty Ltd",NA,NA,NA,NA,NA,NA,NA,NA,NA,NA,NA,0,1,1
"12","Banyu",2023,3,1,1,NA,"Direct Ocean Removal",NA,NA,NA,1350,1387,NA,NA,NA,NA,NA,NA,NA,NA,360,360,0,"1",NA,-37,0,1,NA,NA,NA,NA,NA,NA,NA,NA,NA,NA,NA,NA,NA,NA,NA,NA,NA,NA,NA,NA,NA,0,1,0
"13","Bio-Concrete (VTT and PURO.EARTH)",2021,2,1,0,"Finland","mineralization,concrete",150,0,1000,960,NA,960,NA,NA,NA,NA,NA,388,32,388,NA,NA,"0",0,0,0,0,NA,NA,NA,NA,NA,NA,NA,NA,NA,NA,NA,NA,NA,NA,NA,NA,NA,NA,NA,NA,NA,0,1,0
"14","Biomass Burial (EBS and PURO.EARTH)",2021,2,1,0,NA,NA,NA,NA,NA,50,NA,2000,NA,NA,NA,NA,NA,5000,75,5000,NA,NA,"0",-1950,0,0,0,NA,NA,NA,NA,NA,NA,NA,NA,NA,NA,NA,NA,NA,NA,NA,NA,NA,NA,NA,NA,NA,0,1,0
"15","Biorecro",2020,1,1,0,"North America / Europe","biomass,injection",50000,0,1000,99,NA,NA,NA,NA,NA,NA,50000,NA,NA,50000,NA,NA,"0",NA,0,0,0,NA,NA,"Process for Separating and Enriching Carbon Dioxide from Atmospheric Gases in Air or from Atmospheric Gases Dissolved in Natural Water in Equilibrium with Air.","US","9,266,057 B1","US9266057B1","US14/697,466",2015-04-27,2015,"Robert Lee Jones",13,0,"B01D53/1475 Removing carbon dioxide"," B01D53/1406 Multiple stage absorption"," B01D53/1425 Regeneration of liquid absorbents"," B01D2252/103 Water","B01D2257/504 Carbon dioxide","B01D2258/06 Polluted air","Y02C20/40 Capture or disposal of greenhouse gases of CO2","Y02W10/37 Wastewater or sewage treatment systems using renewable energies using solar energy","Robert Lee Jones",0,1,0
"16","Bluesource",2020,1,1,0,"Mountain City, TN, USA","forests,ifm",631845,1,37,8,NA,NA,NA,NA,NA,NA,139593,NA,NA,139593,NA,NA,"0",NA,0,0,0,NA,NA,NA,NA,NA,NA,NA,NA,NA,NA,NA,NA,NA,NA,NA,NA,NA,NA,NA,NA,NA,0,1,0
"17","Boomitra",2023,3,1,0,NA,NA,NA,NA,NA,500,NA,NA,NA,NA,NA,NA,NA,NA,NA,1000,NA,NA,"0",NA,0,0,0,NA,NA,NA,NA,NA,NA,NA,NA,NA,NA,NA,NA,NA,NA,NA,NA,NA,NA,NA,NA,NA,0,1,0
"18","Breadtree Farms",2020,1,1,0,"Johnsonville, NY, USA","forests,agroforestry",56,0,30,4.14,NA,NA,NA,NA,NA,NA,140,NA,NA,140,NA,NA,"0",NA,0,0,0,NA,NA,NA,NA,NA,NA,NA,NA,NA,NA,NA,NA,NA,NA,NA,NA,NA,NA,NA,NA,NA,0,1,0
"19","Brilliant Planet",2023,3,1,0,NA,NA,NA,NA,NA,800,NA,NA,NA,NA,NA,NA,NA,NA,NA,650,NA,NA,"0",NA,0,0,0,NA,NA,"Combining algal raceway pond culture and seawater electrolysis for ocean deacidification",NA,NA,"GB-2615381-A",NA,2022-09-02,2022,"Brilliant Planet Ltd",NA,NA,NA,NA,NA,NA,NA,NA,NA,NA,"Jovine Raffael, Boatman Toby",0,5,0
"20","C Sink",2021,2,1,0,"Black Sea","ocean,biomass",100,0,100,5000,NA,5000,NA,NA,NA,NA,NA,100,0.1,100,NA,NA,"0",0,0,0,0,NA,NA,NA,NA,NA,NA,NA,NA,NA,NA,NA,NA,NA,NA,NA,NA,NA,NA,NA,NA,NA,0,1,0
"21","CO2 Rail",2022,2,1,0,NA,NA,NA,NA,NA,310,NA,310,NA,NA,NA,NA,NA,9031,416,1750,NA,NA,"0",0,0,0,0,NA,NA,NA,NA,NA,NA,NA,NA,NA,NA,NA,NA,NA,NA,NA,NA,NA,NA,NA,NA,NA,0,1,0
"22","CO2-Zero",2021,2,1,0,"Turkey","mineralization,olivine",30000,0,1000,75,NA,34,NA,NA,NA,NA,NA,30000,2652,30000,NA,NA,"0",41,0,0,0,NA,NA,NA,NA,NA,NA,NA,NA,NA,NA,NA,NA,NA,NA,NA,NA,NA,NA,NA,NA,NA,0,1,0
"23","CQuestr8",2023,3,1,0,NA,NA,NA,NA,NA,500,NA,NA,NA,NA,NA,NA,NA,NA,NA,950,NA,NA,"0",NA,0,0,0,NA,NA,"Method of processing gas loaded with carbon dioxide",NA,NA,"WO2023282735A1","PCT/MY2022/000004",2022-06-22,2022,"Cquestr8 Sdn. Bhd.",NA,NA,NA,NA,NA,NA,NA,NA,NA,NA,"Edwin Stephen Willis, Jeremy Duncan Stuart Joynson",0,1,0
"24","CREW",2022,4,1,1,NA,"Enhanced weathering",NA,NA,NA,810,810,647,2078,374,NA,NA,NA,215,12.6,150,410,0,"1",163,0,-260,1,"15/12/2022",NA,NA,NA,NA,NA,NA,NA,NA,"CREW Carbon Inc.",NA,NA,NA,NA,NA,NA,NA,NA,NA,NA,NA,0,1,0
"25","Captura",2022,4,1,1,NA,"Direct Ocean Removal",NA,NA,NA,984,984,984,689,295,0,0,NA,2894,0.295,508,339,0,"1",0,0,169,1,"15/12/2022",NA,NA,NA,NA,NA,NA,NA,NA,NA,NA,NA,NA,NA,NA,NA,NA,NA,NA,NA,NA,0,1,0
"26","Capture6",2022,4,1,0,NA,NA,NA,NA,NA,NA,NA,NA,NA,NA,NA,NA,NA,1000,0.1,NA,NA,NA,"0",NA,0,0,0,NA,NA,"Systems and methods for direct air carbon dioxide capture","US",NA,"US20230191322A1","US18/082,903",2022-12-16,2022,"Capture6 Corp",6,0,NA,NA,NA,NA,NA,NA,NA,NA,"Luke Shors, Zeph Landau, Ethan Choen-Cole, Rahul Surana",0,1,0
"27","CarStorCon Technologies",2022,4,1,0,NA,NA,NA,NA,NA,500,NA,500,370,85,10,35,160,25000,NA,1000,NA,NA,"0",0,0,0,0,NA,NA,NA,NA,NA,NA,NA,NA,NA,NA,NA,NA,NA,NA,NA,NA,NA,NA,NA,NA,NA,0,1,0
"28","Carba",2023,3,1,0,NA,NA,NA,NA,NA,450,NA,NA,NA,NA,NA,NA,NA,NA,NA,1111,NA,NA,"0",NA,0,0,0,NA,NA,NA,NA,NA,NA,NA,NA,NA,NA,NA,NA,NA,NA,NA,NA,NA,NA,NA,NA,NA,0,1,0
"29","Carbin Minerals",2022,4,1,1,NA,"Capture and storage",NA,NA,NA,1566,1318,1566,1213,336,17,0,NA,1800,60,320,380,0,"1",0,248,-60,1,"15/12/2022",NA,NA,NA,NA,NA,NA,NA,NA,NA,NA,NA,NA,NA,NA,NA,NA,NA,NA,NA,NA,0,1,0
"30","Carbix",2021,2,1,0,"Texas, USA","mineralization,aggregate",3935,0,1000,73,NA,1750,NA,NA,NA,NA,NA,3935,1200,3935,NA,NA,"0",-1677,0,0,0,NA,NA,NA,NA,NA,NA,NA,NA,NA,NA,NA,NA,NA,NA,NA,NA,NA,NA,NA,NA,NA,0,1,0
"31","Carbo Culture",2020,1,1,0,"Central Valley, CA, USA","biomass,biochar",56,0,568,1000,NA,NA,NA,NA,NA,NA,62,NA,NA,42,NA,NA,"0",NA,0,0,0,NA,NA,"System for carbonizing organic material","Eu",NA,"EP4227262A1","EP22155933.9A",2022-02-09,2022,"Carbo Culture, Oy",3,0,NA,NA,NA,NA,NA,NA,NA,NA,"Christopher Carstens",0,2,2
"32","Carbo Culture",2021,2,1,0,"Central Valley, CA, USA","biomass,biochar",56,0,568,1000,NA,1300,NA,NA,NA,NA,NA,1067.38,66.8,1067.38,NA,NA,"0",-300,0,0,0,NA,NA,"System for carbonizing organic material","Eu",NA,"EP4227262A1","EP22155933.9A",2022-02-09,2022,"Carbo Culture, Oy",3,0,NA,NA,NA,NA,NA,NA,NA,NA,"Christopher Carstens",1,2,2
"33","Carbofex",2020,1,1,0,"Tampere, Finland","biomass,biochar",2431,1,755,100,NA,NA,NA,NA,NA,NA,2500,NA,NA,2000,NA,NA,"0",NA,0,0,0,NA,NA,"Method and apparatus for the manufacturing of non-energent biocoal with thermal treatment.","Worldwide","OA20387A","OA20387A","OA1202100458",2020-04-07,2020,"Carbofex Oy",0,0,NA,NA,NA,NA,NA,NA,NA,NA,"Sampo Tukiainen",0,3,0
"34","Carbofex",2021,2,1,0,"Tampere, Finland","biomass,biochar",2431,1,755,100,NA,208.7,NA,NA,NA,NA,NA,1151,51,1151,NA,NA,"0",-108.7,0,0,0,NA,NA,"Method and apparatus for the manufacturing of non-energent biocoal with thermal treatment.","Worldwide","OA20387A","OA20387A","OA1202100458",2020-04-07,2020,"Carbofex Oy",0,0,NA,NA,NA,NA,NA,NA,NA,NA,"Sampo Tukiainen",1,3,0
"35","Carbominer",2023,3,1,0,NA,"DAC",NA,NA,NA,NA,NA,NA,NA,NA,NA,NA,NA,362125,NA,NA,NA,NA,"0",NA,0,0,0,NA,NA,NA,NA,NA,NA,NA,NA,NA,NA,NA,NA,NA,NA,NA,NA,NA,NA,NA,NA,NA,0,1,0
"36","Carbon Atlantis",2023,3,1,1,NA,"DAC",NA,NA,NA,1450,1816,NA,NA,NA,NA,NA,NA,NA,NA,153,275,0,"1",NA,-366,-122,1,NA,NA,"Electrolytic process, electrolyzer, electrolysis system, use and installation",NA,NA,"DE102022122837B3","DE102022122837.1A",2022-09-08,2022,"Carbon Atlantis GmbH",NA,NA,NA,NA,NA,NA,NA,NA,NA,NA,"Paul Teufel, Jonas Futter, Malte Feucht",0,1,0
"37","Carbon Blade",2022,2,1,0,NA,NA,NA,NA,NA,710,NA,1680,1500,500,NA,NA,NA,2490,235,2705,NA,NA,"0",-970,0,0,0,NA,NA,NA,NA,NA,NA,NA,NA,NA,NA,NA,NA,NA,NA,NA,NA,NA,NA,NA,NA,NA,0,1,0
"38","Carbon Blue",2022,4,1,0,NA,NA,NA,NA,NA,941,NA,941,448,465,12,16,NA,6470,267,300,NA,NA,"0",0,0,0,0,NA,NA,"Method for removing carbon dioxide","US",NA,"WO2023187778A1","PCT/IL2023/050316",2023-03-27,2023,"Carbon Blue Ltd",6,0,NA,NA,NA,NA,NA,NA,NA,NA,"Dan Deviri, Iddo Mehnashe Tsur, Uri Kelly",0,1,1
"39","Carbon Drawdown Initiative",2022,4,1,0,NA,NA,NA,NA,NA,300,NA,300,0,300,0,0,NA,300,38.1,300,NA,NA,"0",0,0,0,0,NA,NA,NA,NA,NA,NA,NA,NA,NA,NA,NA,NA,NA,NA,NA,NA,NA,NA,NA,NA,NA,0,1,0
"40","Carbon Limit",2022,4,1,0,NA,NA,NA,NA,NA,224.13,NA,224.13,168,27,11,18.13,NA,10000,105.59,10000,NA,NA,"0",0,0,0,0,NA,NA,"Carbon dioxide-capturing cement compositoins and related methods","US",NA,"US20230271135A1","US17/934,667",2022-09-23,2022,"Carbon Limit Co",6,0,NA,NA,NA,NA,NA,NA,NA,NA,"Leonard Timothy Sperry, III",0,1,0
"41","Carbon Lockdown",2022,2,1,0,NA,NA,NA,NA,NA,100,NA,100,75,25,NA,NA,NA,12387,2387,10000,NA,NA,"0",0,0,0,0,NA,NA,NA,NA,NA,NA,NA,NA,NA,NA,NA,NA,NA,NA,NA,NA,NA,NA,NA,NA,NA,1,1,0
"42","Carbon Lockdown",2022,4,1,0,NA,NA,NA,NA,NA,250,NA,250,50,50,100,0,NA,2620,620,2000,NA,NA,"0",0,0,0,0,NA,NA,NA,NA,NA,NA,NA,NA,NA,NA,NA,NA,NA,NA,NA,NA,NA,NA,NA,NA,NA,0,1,0
"43","Carbon Neutral Initiative",2022,2,1,0,NA,NA,NA,NA,NA,235,NA,183,NA,NA,NA,NA,NA,1125,61,1064,NA,NA,"0",52,0,0,0,NA,NA,NA,NA,NA,NA,NA,NA,NA,NA,NA,NA,NA,NA,NA,NA,NA,NA,NA,NA,NA,0,1,0
"44","Carbon Sequestration Inc",2020,1,1,0,"East Texas, USA","biomass,storage",71019,0,100,42.5,NA,NA,NA,NA,NA,NA,64215,NA,NA,64215,NA,NA,"0",NA,0,0,0,NA,NA,"Tidal hydro electric power system","Canada","CA2910725A1","CA2910725A1","CA2910725A",2015-10-28,2015,"Carbon Sequestration Industries Inc",2,1," E02B9/08 Tide or wave power plants","F03B13/262 Adaptations of machines or engines for special use; Combinations of machines or engines with driving or driven apparatus; Power stations or aggregates characterised by using wave or tide energy using tide energy using the relative movement between a tide-operated member and another member"," F05B2240/931 Mounting on supporting structures or systems on a structure floating on a liquid surface which is a vehicle","F05B2260/60 Fluid transfer"," Y02E10/30 Energy from the sea, e.g. using wave energy or salinity gradient",NA,NA,NA,"David Lloyd Tait",0,1,0
"45","CarbonBlue",2023,3,1,1,NA,"Direct Ocean Removal",NA,NA,NA,1250,1250,NA,NA,NA,NA,NA,NA,NA,NA,320,400,0,"1",NA,0,-80,1,NA,NA,NA,NA,NA,NA,NA,NA,NA,NA,NA,NA,NA,NA,NA,NA,NA,NA,NA,NA,NA,0,1,0
"46","CarbonBuilt",2021,2,1,1,"USA","Storage",992,0,1000,260,260,233,NA,NA,NA,NA,NA,992,23,992,968,0,"1",27,0,24,1,"17/05/2021",NA,"Methods for reactivating passivated mineral residues",NA,NA,"WO-2022256456-A1",NA,2022-06-01,2022,"The Regents Of The University Of California, Carbonbuilt",NA,NA,NA,NA,NA,NA,NA,NA,NA,NA,"Gaurav SANT, Iman Mehdipour",0,6,6
"47","CarbonCapture",2022,2,1,0,NA,NA,NA,NA,NA,800,NA,1946,NA,NA,NA,NA,NA,1400,200,1200,NA,NA,"0",-1146,0,0,0,NA,NA,NA,NA,NA,NA,NA,NA,NA,NA,NA,NA,NA,NA,NA,NA,NA,NA,NA,NA,NA,0,1,0
"48","CarbonCure",2020,1,1,1,"North America","Storage",60000,1,1000,100,100,NA,NA,NA,NA,NA,60000,NA,NA,120000,2500,0,"1",NA,0,117500,1,"18/05/2020",NA,"Carbonation of concrete aggregates","US",NA,"US-2022194852-A1",NA,2020-04-27,2020,"Carboncure Technologies Inc.",NA,0,NA,NA,NA,NA,NA,NA,NA,NA,"Michael Thomas, George Sean Monkman, Alex HANMORE, Dean Paul Forgeron",0,26,5
"49","CarbonRun",2023,3,1,1,NA,"River Alkalinity Enhancement",NA,NA,NA,387,387,NA,NA,NA,NA,NA,NA,NA,NA,1300,1291,0,"1",NA,0,9,1,NA,NA,"Methods of carbon dioxide removal in freshwater",NA,NA,"WO2023115224A1","PCT/CA2022/051893",2022-12-23,2022,"Carbonrun Carbon Dioxide Removal Limited",NA,NA,NA,NA,NA,NA,NA,NA,NA,NA,"Shannon Sterling, Edmund A. Halfyard",0,1,0
"50","CarbonTo Stone",2022,4,1,1,NA,"DAC",NA,NA,NA,394,394,393.3,150.6,243.3,0,0,NA,2250000,7750000,1269,846,0,"1",0.699999999999989,0,423,1,"15/12/2022",NA,"Methods and processes for the use of calcium- and magnesium-bearing oxides, hydroxides, and silicates; calcium- and magnesium-bearing aqueous streams to capture, convert, and store carbon dioxide and produce hydrogen","EU",NA,"EP-4085022-A1",NA,2021-01-04,2021,"Cornell University",NA,NA,NA,NA,NA,NA,NA,NA,NA,NA,"Greeshma GADIKOTA",0,4,1
"51","Carbonaught",2022,2,1,0,NA,NA,NA,NA,NA,450,NA,357.4,NA,NA,NA,NA,NA,542,42,500,NA,NA,"0",92.6,0,0,0,NA,NA,"Method of measuring an additive weathering rate in a soil substrate","Worldwide",NA,"AU2023900159A0","AU2023900159A",2023-01-24,2023,"Carbonaught Pty Ltd",NA,NA,NA,NA,NA,NA,NA,NA,NA,NA,"James Lyons",0,1,1
"52","Carboniferous",2022,2,1,0,NA,NA,NA,NA,NA,750,NA,7000,NA,NA,NA,NA,NA,556,33.67,522.33,NA,NA,"0",-6250,0,0,0,NA,NA,NA,NA,NA,NA,NA,NA,NA,NA,NA,NA,NA,NA,NA,NA,NA,NA,NA,NA,NA,0,1,0
"53","Carboniferous",2023,3,1,1,NA,"Biomass sinking",NA,NA,NA,1004,0,NA,274,NA,NA,730,NA,NA,NA,500,0,250000,"1",NA,NA,NA,1,NA,NA,NA,NA,NA,NA,NA,NA,NA,NA,NA,NA,NA,NA,NA,NA,NA,NA,NA,NA,NA,0,1,0
"54","Carbotura",2021,2,1,0,NA,NA,NA,NA,NA,35,NA,67,NA,NA,NA,NA,NA,370612800,94672800,370612800,NA,NA,"0",-32,0,0,0,NA,NA,NA,NA,NA,NA,NA,NA,NA,NA,NA,NA,NA,NA,NA,NA,NA,NA,NA,NA,NA,0,1,0
"55","Carbyon",2023,3,1,0,NA,NA,NA,NA,NA,1068,NA,NA,NA,NA,NA,NA,NA,NA,NA,360,NA,NA,"0",NA,0,0,0,NA,NA,"Device and process for the direct carbon dioxide capture from air",NA,NA,"US20230264137A1","US18/005,615",2021-07-19,2021,"Carbyon Holding BV",NA,NA,NA,NA,NA,NA,NA,NA,NA,NA,"Hans Maria Paul De Neve, Jasper Anne Frido Marikus Simons, Dries Van Eyck, Aswin Schouten",0,1,0
"56","Cella Mineral Storage",2022,4,1,1,NA,"DAC",NA,NA,NA,227,227.5,227,52,160,15,0,NA,2198,1.94,2198,1465,0,"1",0,-0.5,733,1,"15/12/2022",NA,NA,NA,NA,NA,NA,NA,NA,NA,NA,NA,NA,NA,NA,NA,NA,NA,NA,NA,NA,0,1,0
"57","Charm Industrial",2020,1,1,1,"CA, USA","Biomass injection",10000,0,1000,600,600,NA,NA,NA,NA,NA,10000,NA,NA,10000,416,0,"1",NA,0,9584,1,"18/05/2020",NA,"Method and system for geological sequestration of carbon-containing liquid material","Canada",NA,"CA3177544A1","CA3177544A",2021-05-13,2021,"Charm Industrial Inc",17,0,NA,NA,NA,NA,NA,NA,NA,NA,"Shaun MEEHAN, Kelly HERING, Peter Reinhardt, Daniel Fourie",0,1,1
"58","Clairity",2023,3,1,0,NA,NA,NA,NA,NA,805,NA,NA,NA,NA,NA,NA,NA,NA,NA,405,NA,NA,"0",NA,0,0,0,NA,NA,NA,NA,NA,NA,NA,NA,NA,NA,NA,NA,NA,NA,NA,NA,NA,NA,NA,NA,NA,0,1,0
"59","Climate Foundation Marine Permaculture",2021,2,1,0,"Pacific Ocean (near Phillippines)","ocean,macroalgae",1245,0,1000,600,NA,600,NA,NA,NA,NA,NA,1245,400,1245,NA,NA,"0",0,0,0,0,NA,NA,"Method and apparatus for growing marine plants and macroalgae",NA,NA,"WO-2023196750-A2",NA,2023-03-29,2023,"Climate Foundation",NA,NA,NA,NA,NA,NA,NA,NA,NA,NA,"Brian Von Herzen",0,10,8
"60","Climate Robotics",2022,4,1,0,NA,NA,NA,NA,NA,419,NA,377,128,121,30,15,NA,1325,220,1192,NA,NA,"0",42,0,0,0,NA,NA,"Autonomous device for in-field conversion of biomass into biochar","Canada",NA,"CA3183182A1","CA3183182A",2021-06-21,2021,"Climate Robotics Inc",NA,NA,NA,NA,NA,NA,NA,NA,NA,NA,"Jason Aramburu, Morgan Williams",0,1,0
"61","Climeworks",2020,1,1,1,"Iceland","DAC",50,0,1000,767.5,775,NA,NA,NA,NA,NA,50,NA,NA,1,322.5,0,"1",NA,-7.5,-321.5,1,"18/05/2020",NA,"Low-pressure drop structure of particle adsorbent bed for improved adsorption gas separation process",NA,NA,"US-11007470-B2",NA,2017-11-01,2017,"Climeworks Ag",NA,NA,NA,NA,NA,NA,NA,NA,NA,NA,"Jan AndrÃ© Wurzbacher, Nicolas REPOND, Tobias RUESCH, Sebastian SAUERBECK, Christoph Gebald",0,29,10
"62","Cquestr8",2021,4,1,0,"Unspecified","ocean,mineralization",1000,0,1000,420,NA,1000,NA,NA,NA,NA,NA,1000,0,1000,NA,NA,"0",-580,0,0,0,NA,NA,"Method of processing gas loaded with carbon dioxide","Worldwide",NA,"WO2023282735A1","PCT/MY2022/000004 ",2022-06-22,2022,"Cquestr8 Sdn. Bhd.",5,0,"B01D53/62 Carbon oxides",NA,NA,NA,NA,NA,NA,NA,"Edwin Stephen Willis, Jeremy Duncan Stuart Joynson",0,1,1
"63","Droneseed",2020,1,1,0,"WA, USA","forests,reforestation",31027,1,51,8.23,NA,NA,NA,NA,NA,NA,584,NA,NA,400,NA,NA,"0",NA,0,0,0,NA,NA,"Aerial deployment planting methods and systems",NA,NA,"US-10212876-B2",NA,2018-05-21,2018,"Droneseed Co.",31,NA,NA,NA,NA,NA,NA,NA,NA,NA,"Matthew M. AGHAI, Grant CANARY, John Thomson, Robert Alexander Krob",0,4,0
"64","E-quester",2022,4,1,0,NA,NA,NA,NA,NA,2000,NA,4145,1600,2533,12,0,NA,100,3.23,89,NA,NA,"0",-2145,0,0,0,NA,NA,NA,NA,NA,NA,NA,NA,NA,NA,NA,NA,NA,NA,NA,NA,NA,NA,NA,NA,NA,0,1,0
"65","EDAC Labs",2023,3,1,1,NA,"Mineralization",NA,NA,NA,1573,1573,NA,NA,NA,NA,NA,NA,NA,NA,318,317,0,"1",NA,0,1,1,NA,NA,NA,NA,NA,NA,NA,NA,NA,NA,NA,NA,NA,NA,NA,NA,NA,NA,NA,NA,NA,0,1,0
"66","Ebb Carbon",2021,4,1,1,"California, USA","Capture and storage",294,0,1000,1950,1950,1950,NA,NA,NA,NA,NA,294,37,294,256,0,"1",0,0,38,1,"05/12/2021",NA,"Ocean alkalinity system and method for capturing atmospheric carbon dioxide","US",NA,"US11629067B1","US17/838,967 ",2022-06-13,2022,"Ebb Carbon Inc",17,0,NA,NA,NA,NA,NA,NA,NA,NA,"Todd Pelman, Matthew Eisaman, Ben Tarbell, David Hegeman, Jeremy Loretz",0,3,3
"67","Ecoera",2020,1,1,0,"South Sweden","biomass,biochar",4500,0,690,100,NA,NA,NA,NA,NA,NA,5000,NA,NA,2000,NA,NA,"0",NA,0,0,0,NA,NA,"Wood fiber based insulation product and method of producing the same",NA,NA,"EP-2462184-A1",NA,2010-08-09,2010,"Ekovilla OY",NA,NA,NA,NA,NA,NA,NA,NA,NA,NA,"Reijo Louko, Heikki Ahonen",0,1,0
"68","Eion Corp",2021,4,1,1,"Princeton, NJ and Berkeley, CA","Soil amendment",1000,0,1000,500,500,1283,NA,NA,NA,NA,NA,1000,51,1000,500,0,"1",-783,0,500,1,"05/12/2021",NA,"Verification methods and agronomic enhancements for carbon removal based on enhanced rock weathering","EU",NA,"EP4256520A1","EP22829238.9A",2022-06-22,2022,"Eion Corp",8,0,NA,NA,NA,NA,NA,NA,NA,NA,"Adam Wolf, Elliot Suk-Hyun Chang, Alan Robert Tank",0,1,1
"69","Ekovilla",2020,1,1,0,"Kouvola, Finland","biomass,insulation",21847,1,50,21.5,NA,NA,NA,NA,NA,NA,21847,NA,NA,19031,NA,NA,"0",NA,0,0,0,NA,NA,"A method of making wood fiber insulation",NA,NA,"FI-20021237-A",NA,2002-06-24,2002,"Ekovilla Oy",NA,NA,NA,NA,NA,NA,NA,NA,NA,NA,"Reijo Louko",0,10,0
"70","Electro-Active",2023,3,1,0,NA,NA,NA,NA,NA,476,NA,NA,NA,NA,NA,NA,NA,NA,NA,1050,NA,NA,"0",NA,0,0,0,NA,NA,NA,NA,NA,NA,NA,NA,NA,NA,NA,NA,NA,NA,NA,NA,NA,NA,NA,NA,NA,0,1,0
"71","Emissol",2022,4,1,0,NA,NA,NA,NA,NA,1272,NA,1272,583,647,30,12,NA,463,37,393,NA,NA,"0",0,0,0,0,NA,NA,"Exhaust gas mixer, system, and method of using",NA,NA,"US-2023226504-A1",NA,2022-12-09,2022,"Emissol, Llc",NA,NA,NA,NA,NA,NA,NA,NA,NA,NA,"Mansour Masoudi, Sahm Noorfeshan, Nikolai Alex POLIAKOV",0,6,0
"72","Ensyn Biochar",2021,2,1,0,"Canada","biomass,asphalt",338,0,547,600,NA,600,NA,NA,NA,NA,NA,300,40,300,NA,NA,"0",0,0,0,0,NA,NA,"Water-soluble resin and resin product made by that method",NA,NA,"CA-2062780-A1",NA,1990-07-12,1990,"D. Andrew Himmelblau, Biocarbons Corporation, Ensyn Technologies Usa, Inc.",NA,NA,NA,NA,NA,NA,NA,NA,NA,NA,"D. Andrew Himmelblau",0,13,0
"73","Everest Carbon",2023,3,1,0,NA,NA,NA,NA,NA,519,NA,NA,NA,NA,NA,NA,NA,NA,NA,960,NA,NA,"0",NA,0,0,0,NA,NA,NA,NA,NA,NA,NA,NA,NA,NA,NA,NA,NA,NA,NA,NA,NA,NA,NA,NA,NA,0,1,0
"74","FIRST GIGATON",2022,2,1,0,NA,NA,NA,NA,NA,485,NA,485,NA,NA,NA,NA,NA,15120,1678,13442,NA,NA,"0",0,0,0,0,NA,NA,NA,NA,NA,NA,NA,NA,NA,NA,NA,NA,NA,NA,NA,NA,NA,NA,NA,NA,NA,0,1,0
"75","Finnish Log House Industry",2020,1,1,0,"Finland","biomass,wood",25000,1,50,20,NA,NA,NA,NA,NA,NA,25000,NA,NA,35000,NA,NA,"0",NA,0,0,0,NA,NA,NA,NA,NA,NA,NA,NA,NA,NA,NA,NA,NA,NA,NA,NA,NA,NA,NA,NA,NA,0,1,0
"76","First Gigaton",2022,4,1,0,NA,NA,NA,NA,NA,235,NA,183,12,172,113,0,NA,3200,262.4,2290,NA,NA,"0",52,0,0,0,NA,NA,NA,NA,NA,NA,NA,NA,NA,NA,NA,NA,NA,NA,NA,NA,NA,NA,NA,NA,NA,0,1,0
"77","Future Forest",2020,1,1,0,"Scotland","forests,reforestation",6380,0,60,20,NA,NA,NA,NA,NA,NA,6350.28,NA,NA,6207.28,NA,NA,"0",NA,0,0,0,NA,NA,NA,NA,NA,NA,NA,NA,NA,NA,NA,NA,NA,NA,NA,NA,NA,NA,NA,NA,NA,0,1,0
"78","Graphyte",2023,3,1,0,NA,NA,NA,NA,NA,100,NA,NA,NA,NA,NA,NA,NA,NA,NA,5000,NA,NA,"0",NA,0,0,0,NA,NA,NA,NA,NA,NA,NA,NA,NA,NA,NA,NA,NA,NA,NA,NA,NA,NA,NA,NA,NA,0,1,0
"79","GreenSand",2020,1,1,0,"Netherlands","mineralization,olivine",1000,0,1000,35,NA,NA,NA,NA,NA,NA,1000,NA,NA,200,NA,NA,"0",NA,0,0,0,NA,NA,NA,NA,NA,NA,NA,NA,NA,NA,NA,NA,NA,NA,NA,NA,NA,NA,NA,NA,NA,0,1,0
"80","GreenSand",2021,2,1,0,"Netherlands","mineralization,olivine",1000,0,1000,170,NA,170,NA,NA,NA,NA,NA,5100,181,5100,NA,NA,"0",0,0,0,0,NA,NA,NA,NA,NA,NA,NA,NA,NA,NA,NA,NA,NA,NA,NA,NA,NA,NA,NA,NA,NA,0,1,0
"81","HYROGAS SIA",2022,4,1,0,NA,NA,NA,NA,NA,1996,NA,1996,958,899,109,30,NA,5000,5000,4521,NA,NA,"0",0,0,0,0,NA,NA,NA,NA,NA,NA,NA,NA,NA,NA,NA,NA,NA,NA,NA,NA,NA,NA,NA,NA,NA,0,1,0
"82","Heimdal",2021,4,1,0,"Hawaii, USA","ocean,alkalinity",150,0,1000,250,NA,1200,NA,NA,NA,NA,NA,150,8.1,150,NA,NA,"0",-950,0,0,0,NA,NA,"Carbon capture method and system","US",NA,"US11465925B1","US17/575,626",2022-01-13,2022,"Heimdal Ltd",19,0,NA,NA,NA,NA,NA,NA,NA,NA,"V Erik Joughin Millar, Marcus Lima",0,3,2
"83","Heirloom",2021,2,1,1,"California, USA","Capture and storage",50,0,1000,10000,2054,20000,NA,NA,NA,NA,NA,50,3,50,244,0,"1",-10000,7946,-194,1,"17/05/2021",NA,"Systems and methods of carbon capture from cement production process",NA,NA,"US20230192543A1","US18/067,896 ",2022-12-19,2022,"Heirloom Carbon Technologies Inc",1,0,NA,NA,NA,NA,NA,NA,NA,NA,"Noah McQueen, Shashank Samala, Andy Dubel",0,1,1
"84","High Hopes Labs",2023,3,1,0,NA,NA,NA,NA,NA,700,NA,NA,NA,NA,NA,NA,NA,NA,NA,129000,NA,NA,"0",NA,0,0,0,NA,NA,"Gaseous matter capture system and method",NA,NA,"EP3890868A1","EP20901305.1A",2020-12-17,2020,"High Hopes Labs Ltd",NA,NA,NA,NA,NA,NA,NA,NA,NA,NA,"Eran Oren",0,2,0
"85","Holocene",2023,3,1,1,NA,"DAC",NA,NA,NA,1505,1506,NA,NA,NA,NA,NA,NA,NA,NA,332,332,0,"1",NA,-1,0,1,NA,NA,NA,NA,NA,NA,NA,NA,NA,NA,NA,NA,NA,NA,NA,NA,NA,NA,NA,NA,NA,0,1,0
"86","Holy Grail",2022,2,1,0,NA,NA,NA,NA,NA,1700,NA,1500,NA,NA,NA,NA,NA,309,14.7,294,NA,NA,"0",200,0,0,0,NA,NA,NA,NA,NA,NA,NA,NA,NA,NA,NA,NA,NA,NA,NA,NA,NA,NA,NA,NA,NA,0,1,0
"87","Hydrogen Naturally",2022,4,1,0,NA,NA,NA,NA,NA,398,NA,398,241,157,0,0,NA,15293450,1096440,1130,NA,NA,"0",0,0,0,0,NA,NA,NA,NA,NA,NA,NA,NA,NA,NA,NA,NA,NA,NA,NA,NA,NA,NA,NA,NA,NA,0,1,0
"88","IndigoAg",2020,1,1,0,"Midwest and Southern USA","soil,farming",550000,0,100,20,NA,NA,NA,NA,NA,NA,1e+05,NA,NA,1e+05,NA,NA,"0",NA,0,0,0,NA,NA,"Endophytes, Associated Compositions, and Methods of Use",NA,NA,"US-2023329244-A1",NA,2023-01-13,2023,"Indigo Ag, Inc.",NA,NA,NA,NA,NA,NA,NA,NA,NA,NA,"Geoffrey von Maltzahn, Richard Bailey Flavell, Gerardo V. Toledo, Jonathan W. Leff, Phillip Samayoa, Luis Miguel Marquez, David Morris Johnston, Slavica Djonovic, Yves Alain Millet, Craig Sadowski, Jeffrey Lyford, Karen V. Ambrose, Xuecheng Zhang",0,45,21
"89","Inplanet",2022,4,1,1,NA,"Capture and storage",NA,NA,NA,480,480,480,416.5,39,24.5,0,NA,1128,107,1021,694,0,"1",0,0,327,1,"15/12/2022",NA,NA,NA,NA,NA,NA,NA,NA,NA,NA,NA,NA,NA,NA,NA,NA,NA,NA,NA,NA,0,1,0
"90","KCR",2022,2,1,0,NA,NA,NA,NA,NA,1650,NA,1650,NA,NA,NA,NA,NA,1000,0,1000,NA,NA,"0",0,0,0,0,NA,NA,NA,NA,NA,NA,NA,NA,NA,NA,NA,NA,NA,NA,NA,NA,NA,NA,NA,NA,NA,0,1,0
"91","Karbonetiq",2023,3,1,0,NA,NA,NA,NA,NA,157.43,NA,NA,NA,NA,NA,NA,NA,NA,NA,3176,NA,NA,"0",NA,0,0,0,NA,NA,NA,NA,NA,NA,NA,NA,NA,NA,NA,NA,NA,NA,NA,NA,NA,NA,NA,NA,NA,0,1,0
"92","Kodama Systems",2022,4,1,1,NA,"Biomass sinking",NA,NA,NA,610,0,610,294,205,111,0,NA,3741,505,820,0,250000,"1",0,NA,NA,1,"15/12/2022",NA,NA,NA,NA,NA,NA,NA,NA,NA,NA,NA,NA,NA,NA,NA,NA,NA,NA,NA,NA,0,1,0
"93","Lillianah",2023,3,1,0,NA,NA,NA,NA,NA,192,NA,NA,NA,NA,NA,NA,NA,NA,NA,3000,NA,NA,"0",NA,0,0,0,NA,NA,"Environmental treatment distribution systems and methods",NA,NA,"WO2023141221A1","PCT/US2023/011164",2023-01-18,2023,"Lillianah Technologies Inc",NA,NA,NA,NA,NA,NA,NA,NA,NA,NA,"Benjamin Sidney Slotnick",0,2,0
"94","Lithos Carbon",2022,2,1,1,NA,"Capture and storage",NA,NA,NA,500,500,330,NA,NA,NA,NA,NA,1024,24,1000,640,0,"1",170,0,360,1,"30/06/2022",NA,NA,NA,NA,NA,NA,NA,NA,NA,NA,NA,NA,NA,NA,NA,NA,NA,NA,NA,NA,0,1,0
"95","Living Carbon",2022,2,1,1,NA,"Capture and storage",NA,NA,NA,2320,0,2320,NA,NA,NA,NA,NA,336.2,0,229.4,0,75000,"1",0,NA,NA,1,"30/06/2022",NA,"Compositions and methods for enhancing biomass productivity in plants",NA,NA,"US20230235336A1","US18/153,863",2023-01-12,2023,"Living Carbon Pbc",NA,NA,NA,NA,NA,NA,NA,NA,NA,NA,"Madeline Hall, Li-Wei Chiu, Rebecca Dewhirst, Jacob Hoyle, Patrick Mellor, Karli Rasmussen, Yumin Tao",0,1,1
"96","Maia Paebbl",2023,3,1,0,NA,NA,NA,NA,NA,1900,NA,NA,NA,NA,NA,NA,NA,NA,NA,170,NA,NA,"0",NA,0,0,0,NA,NA,NA,NA,NA,NA,NA,NA,NA,NA,NA,NA,NA,NA,NA,NA,NA,NA,NA,NA,NA,0,1,0
"97","Mantel",2023,3,1,0,NA,NA,NA,NA,NA,564,NA,NA,NA,NA,NA,NA,NA,NA,NA,888,NA,NA,"0",NA,0,0,0,NA,NA,NA,NA,NA,NA,NA,NA,NA,NA,NA,NA,NA,NA,NA,NA,NA,NA,NA,NA,NA,0,1,0
"98","Mati",2023,3,1,1,NA,"Enhanced Weathering",NA,NA,NA,300,330,NA,NA,NA,NA,NA,NA,NA,NA,5000,1513,0,"1",NA,-30,3487,1,NA,NA,NA,NA,NA,NA,NA,NA,NA,NA,NA,NA,NA,NA,NA,NA,NA,NA,NA,NA,NA,0,1,0
"99","Methane Oxidation Corp",2021,2,1,0,NA,NA,NA,NA,NA,20,NA,NA,NA,NA,NA,NA,NA,7500,170.6,7500,NA,NA,"0",NA,0,0,0,NA,NA,NA,NA,NA,NA,NA,NA,NA,NA,NA,NA,NA,NA,NA,NA,NA,NA,NA,NA,NA,0,1,0
"100","Minerali",2022,4,1,0,NA,NA,NA,NA,NA,NA,NA,NA,NA,NA,NA,NA,NA,NA,NA,NA,NA,NA,"0",NA,0,0,0,NA,NA,NA,NA,NA,NA,NA,NA,NA,NA,NA,NA,NA,NA,NA,NA,NA,NA,NA,NA,NA,0,1,0
"101","Mission Zero Technologies",2021,2,1,1,"United Kingdom","Capture and storage",365,0,1000,275,319,1000,NA,NA,NA,NA,NA,365,7.5,365,358,0,"1",-725,-44,7,1,"17/05/2021",NA,"Method of capturing a target species from a gas",NA,NA,"GB-202103806-D0",NA,2021-03-18,2021,"Mission Zero Tech Ltd",NA,NA,NA,NA,NA,NA,NA,NA,NA,NA,NA,0,5,3
"102","Mote",2022,2,1,0,NA,NA,NA,NA,NA,250,NA,420,NA,NA,NA,NA,NA,4000,1092,4000,NA,NA,"0",-170,0,0,0,NA,NA,"Method of producing syngas from biomass utilizing tail gas for tar removal",NA,NA,"WO-2023201091-A1",NA,2023-04-14,2023,"Mote, Inc.",NA,NA,NA,NA,NA,NA,NA,NA,NA,NA,"Joshuah Stolaroff, Alison CHEN",0,4,3
"103","NETZERO",2023,3,1,0,NA,NA,NA,NA,NA,250,NA,NA,NA,NA,NA,NA,NA,NA,NA,2000,NA,NA,"0",NA,0,0,0,NA,NA,NA,NA,NA,NA,NA,NA,NA,NA,NA,NA,NA,NA,NA,NA,NA,NA,NA,NA,NA,0,1,0
"104","Nitricity",2022,4,1,1,NA,"Biomass sinking",NA,NA,NA,50,0,70,NA,30,NA,NA,0,1600,0,2800000,0,250000,"1",-20,NA,NA,1,"15/12/2022",NA,"Device and method for combined generation and fertigation of nitrogen fertilizer",NA,NA,"US-2021360847-A1",NA,2021-06-01,2021,"Nitricity Inc.",NA,NA,NA,NA,NA,NA,NA,NA,NA,NA,"Joshua Michael MCENANEY, John Anthony SCHWALBE, Nicolas Hunter PINKOWSKI, Brian Andrew ROHR",0,6,1
"105","Noble Thermodynamics",2023,3,1,0,NA,NA,NA,NA,NA,150,NA,NA,NA,NA,NA,NA,NA,NA,NA,3333,NA,NA,"0",NA,0,0,0,NA,NA,NA,NA,NA,NA,NA,NA,NA,NA,NA,NA,NA,NA,NA,NA,NA,NA,NA,NA,NA,0,1,0
"106","Nori",2020,1,1,0,"USA","soil,farming",14011,0,10,16.5,NA,NA,NA,NA,NA,NA,14011,NA,NA,5000,NA,NA,"0",NA,0,0,0,NA,NA,NA,NA,NA,NA,NA,NA,NA,NA,NA,NA,NA,NA,NA,NA,NA,NA,NA,NA,NA,0,1,0
"107","Noya",2021,4,1,0,"California, USA","dac,mineralization",1000,0,1000,1822,NA,1523,NA,NA,NA,NA,NA,1000,317,1000,NA,NA,"0",299,0,0,0,NA,NA,NA,NA,NA,NA,NA,NA,NA,NA,NA,NA,NA,NA,NA,NA,NA,NA,NA,NA,NA,0,1,0
"108","Noya",2022,4,1,0,NA,NA,NA,NA,NA,1500,NA,1500,950,350,200,NA,NA,8750,608,700,NA,NA,"0",0,0,0,0,NA,NA,"Systems and methods for capturing carbon dioxide",NA,NA,"WO2023009858A1","PCT/US2022/038942",2022-07-29,2022,"Noya, Inc.",NA,0,NA,NA,NA,NA,NA,NA,NA,NA,"Joshua Ivan Santos-Heard, Daniel Cavero Rodriguez, Laurene Petitjean, Alexandra Justine Welch",0,1,0
"109","Nuestark",2021,2,1,0,"Switzerland","mineralization,concrete",750,0,1000,400,NA,700,NA,NA,NA,NA,NA,750,46.2,750,NA,NA,"0",-300,0,0,0,NA,NA,NA,NA,NA,NA,NA,NA,NA,NA,NA,NA,NA,NA,NA,NA,NA,NA,NA,NA,NA,0,1,0
"110","Ocean-Based Climate Solutions",2020,1,1,0,"Pacific Ocean (near CA)","ocean,phytoplankton",693,0,1000,336.07,NA,NA,NA,NA,NA,NA,693,NA,NA,693,NA,NA,"0",NA,0,0,0,NA,NA,"Device and method for relocating water","US",NA,"US20210301800A1","US17/267,200",2019-08-13,2019,"Ocean-Based Climate Solutions, Inc.",NA,NA,"F04B17/00 Pumps characterised by combination with, or adaptation to, specific driving engines or motors",NA,NA,NA,NA,NA,NA,NA,"Phillip Kithil",0,1,0
"111","Ocean-based Climate Solutions",2021,2,1,0,"Pacific Ocean (near CA)","ocean,phytoplankton",693,0,1000,336.07,NA,423,NA,NA,NA,NA,NA,251.5,8.5,251.5,NA,NA,"0",-86.93,0,0,0,NA,NA,"Device and method for relocating water",NA,NA,"US20210301800A1","US17/267,200",2019-08-13,2019,"Ocean-Based Climate Solutions, Inc.",NA,NA,NA,NA,NA,NA,NA,NA,NA,NA,"Phillip Kithil",1,1,0
"112","Ocean-based Climate Solutions",2022,4,1,0,NA,NA,NA,NA,NA,279,NA,273,205,68,0,0,0,4910,69.2,4840.88,NA,NA,"0",6,0,0,0,NA,NA,"Device and method for relocating water",NA,NA,"US20210301800A1","US17/267,200",2019-08-13,2019,"Ocean-Based Climate Solutions, Inc.",NA,NA,NA,NA,NA,NA,NA,NA,NA,NA,"Phillip Kithil",0,1,0
"113","Octavia Carbon",2023,3,1,0,NA,NA,NA,NA,NA,700,NA,NA,NA,NA,NA,NA,NA,NA,NA,714,NA,NA,"0",NA,0,0,0,NA,NA,NA,NA,NA,NA,NA,NA,NA,NA,NA,NA,NA,NA,NA,NA,NA,NA,NA,NA,NA,0,1,0
"114","Out of the Blue",2021,2,1,0,"England","ocean,injection",0.2,0,1000,1e+06,NA,1e+06,NA,NA,NA,NA,NA,0.2,0,0.2,NA,NA,"0",0,0,0,0,NA,NA,NA,NA,NA,NA,NA,NA,NA,NA,NA,NA,NA,NA,NA,NA,NA,NA,NA,NA,NA,0,1,0
"115","PRONOE",2023,3,1,0,NA,NA,NA,NA,NA,2210,NA,NA,NA,NA,NA,NA,NA,NA,NA,212,NA,NA,"0",NA,0,0,0,NA,NA,NA,NA,NA,NA,NA,NA,NA,NA,NA,NA,NA,NA,NA,NA,NA,NA,NA,NA,NA,0,1,0
"116","Pachama",2020,1,1,0,"Uruguay & CA, USA","forests,reforestation",165850,0,46,8,NA,NA,NA,NA,NA,NA,165850,NA,NA,2936085,NA,NA,"0",NA,0,0,0,NA,NA,NA,NA,NA,NA,NA,NA,NA,NA,NA,NA,NA,NA,NA,NA,NA,NA,NA,NA,NA,0,1,0
"117","Paebbl",2022,4,1,0,NA,NA,NA,NA,NA,1200,NA,16439,12526,3913,80,0,NA,150,0.2685,100,NA,NA,"0",-15239,0,0,0,NA,NA,NA,NA,NA,NA,NA,NA,NA,NA,NA,NA,NA,NA,NA,NA,NA,NA,NA,NA,NA,0,1,0
"118","Parallel Carbon",2022,2,1,0,NA,NA,NA,NA,NA,1111,NA,1000,NA,NA,NA,NA,NA,231,64,225,NA,NA,"0",111,0,0,0,NA,NA,"System, apparatus, and method for alkaline earth metal hydroxide looping for carbon dioxide removal from air","Worldwide",NA,"WO2023147178A2","PCT/US2023/012004",2023-01-31,2023,"Parallel Carbon Inc.",NA,NA,NA,NA,NA,NA,NA,NA,NA,NA,"Ryan Anderson, Aranzazu Carbona Orbezo",0,1,1
"119","Parallel Carbon",2023,3,1,0,NA,NA,NA,NA,NA,1100,NA,NA,NA,NA,NA,NA,NA,NA,NA,454,NA,NA,"0",NA,0,0,0,NA,NA,"System, apparatus, and method for alkaline earth metal hydroxide looping for carbon dioxide removal from air",NA,"WO2023147178A2",NA,"PCT/US2023/012004",2023-01-31,2023,"Parallel Carbon Inc.",NA,NA,NA,NA,NA,NA,NA,NA,NA,NA,"Ryan Anderson, Aranzazu Carmona Orbezo",1,1,0
"120","Planetary",2022,2,1,0,NA,NA,NA,NA,NA,2000,NA,7500,NA,NA,NA,NA,NA,1892,184,1708,NA,NA,"0",-5500,0,0,0,NA,NA,NA,NA,NA,NA,NA,NA,NA,NA,NA,NA,NA,NA,NA,NA,NA,NA,NA,NA,NA,0,1,0
"121","Planetary",2023,3,1,1,NA,"Ocean Alkalinity Enhancement",NA,NA,NA,1600,1600,NA,NA,NA,NA,NA,NA,NA,NA,2000,937,0,"1",NA,0,1063,1,NA,NA,NA,NA,NA,NA,NA,NA,NA,NA,NA,NA,NA,NA,NA,NA,NA,NA,NA,NA,NA,1,1,0
"122","Praan",2021,4,1,0,"Mumbai, India","dac,mineralization",365,0,1000,800,NA,3000,NA,NA,NA,NA,NA,365,3.52,365,NA,NA,"0",-2200,0,0,0,NA,NA,"Filter-less intelligent air purification device","US",NA,"US11772103B2","US16/833,205",2020-03-27,2020,"Praan Inc",30,0,NA,NA,NA,NA,NA,NA,NA,NA,"Angad Daryani, Arjun Sabnis, Prothvi Rathaur, Amira Tobasi, Patrick Finley",0,2,1
"123","Project Vesta",2020,1,1,1,"Caribbean","Enhanced weathering",200,0,1000,50,75,NA,NA,NA,NA,NA,200,NA,NA,200,3333.3,0,"1",NA,-25,-3133.3,1,"18/05/2020",NA,"Systems and methods for processing olivine","EU",NA,"EP4166641A1","EP22157366.0A",2022-02-17,2022,"Project Vesta, PBC",NA,0," C12M25/16 - Particles; Beads; Granular material; Encapsulation",NA,NA,NA,NA,NA,NA,NA,"Stephen Justin Romaniello, Brian David Ley, Margarate Grace Andrews, Nathan Gerard Walworth, Thomas Ishoey, Tom Coxeter Green, Francesc Montserrat",0,3,3
"124","Pull to Refresh",2022,2,1,0,NA,NA,NA,NA,NA,900,NA,900,NA,NA,NA,NA,NA,1049,49,1000,NA,NA,"0",0,0,0,0,NA,NA,NA,NA,NA,NA,NA,NA,NA,NA,NA,NA,NA,NA,NA,NA,NA,NA,NA,NA,NA,0,1,0
"125","RCMP Solutions",2022,4,1,0,NA,NA,NA,NA,NA,500,NA,500,180,200,100,20,NA,1106,106,1000,NA,NA,"0",0,0,0,0,NA,NA,NA,NA,NA,NA,NA,NA,NA,NA,NA,NA,NA,NA,NA,NA,NA,NA,NA,NA,NA,0,1,0
"126","ReNew Power",2022,4,1,0,NA,NA,NA,NA,NA,182.97,NA,162.84,30.63,131.13,0.75,0.33,0,1500000,115510,1124063,NA,NA,"0",20.13,0,0,0,NA,NA,NA,NA,NA,NA,NA,NA,NA,NA,NA,NA,NA,NA,NA,NA,NA,NA,NA,NA,NA,0,1,0
"127","RedoxNRG",2021,4,1,0,"Estonia","dac,mineralization",360,0,1000,500,NA,1700,NA,NA,NA,NA,NA,360,356.3,360,NA,NA,"0",-1200,0,0,0,NA,NA,NA,NA,NA,NA,NA,NA,NA,NA,NA,NA,NA,NA,NA,NA,NA,NA,NA,NA,NA,0,1,0
"128","RepAir",2022,2,1,1,NA,"Capture and storage",NA,NA,NA,198.59,1600,1000,NA,NA,NA,NA,NA,200,1.41,1600,199,0,"1",-801.41,-1401.41,1401,1,"30/06/2022",NA,NA,NA,NA,NA,NA,NA,NA,NA,NA,NA,NA,NA,NA,NA,NA,NA,NA,NA,NA,0,1,0
"129","Rewind Earth",2023,3,1,1,NA,"Biomass sinking",NA,NA,NA,647,0,NA,NA,NA,NA,NA,NA,NA,NA,773,0,250000,"1",NA,NA,NA,1,NA,NA,NA,NA,NA,NA,NA,NA,NA,NA,NA,NA,NA,NA,NA,NA,NA,NA,NA,NA,NA,0,1,0
"130","Rizomeco",2020,1,1,0,"Philippines","forests,wood",19700,0,50,10,NA,NA,NA,NA,NA,NA,19700,NA,NA,19700,NA,NA,"0",NA,0,0,0,NA,NA,NA,NA,NA,NA,NA,NA,NA,NA,NA,NA,NA,NA,NA,NA,NA,NA,NA,NA,NA,0,1,0
"131","RockFarm",2021,2,1,0,"Germany","mineralization,wollastenite",378,0,1000,500,NA,500,NA,NA,NA,NA,NA,378,210,378,NA,NA,"0",0,0,0,0,NA,NA,NA,NA,NA,NA,NA,NA,NA,NA,NA,NA,NA,NA,NA,NA,NA,NA,NA,NA,NA,0,1,0
"132","Running Tide",2021,2,1,1,"Atlantic Ocean","Ocean Alkalinity Enhancement",2000,0,800,250,250,150,NA,NA,NA,NA,NA,2000,85,2000,600,0,"1",100,0,1400,1,"17/05/2021",NA,"Systems and methods for the cultivation of target product",NA,NA,"US-2022295761-A1",NA,2022-06-07,2022,"Running Tide Technologies, Inc.",NA,NA,NA,NA,NA,NA,NA,NA,NA,NA,"Nathaniel MERRILL, Max CHALFIN, Andrew Clyde THOMPSON, Margaux MARTIN-FILIPPI, Finnian Cradock DONOVAN, Matthew Jordan ODLIN",0,14,10
"133","SeaO2",2022,4,1,0,NA,NA,NA,NA,NA,3000,NA,3000,450,2200,200,150,NA,250,28,222,NA,NA,"0",0,0,0,0,NA,NA,NA,NA,NA,NA,NA,NA,NA,NA,NA,NA,NA,NA,NA,NA,NA,NA,NA,NA,NA,0,1,0
"134","SeaO2",2023,3,1,0,NA,NA,NA,NA,NA,1250,NA,NA,NA,NA,NA,NA,NA,NA,NA,500,NA,NA,"0",NA,0,0,0,NA,NA,NA,NA,NA,NA,NA,NA,NA,NA,NA,NA,NA,NA,NA,NA,NA,NA,NA,NA,NA,0,1,0
"135","Seachange",2021,2,1,1,"California, USA","DAC",365,0,1000,1370,1370,1370,NA,NA,NA,NA,NA,365,26,365,365,0,"1",0,0,0,1,NA,NA,NA,NA,NA,NA,NA,NA,NA,NA,NA,NA,NA,NA,NA,NA,NA,NA,NA,NA,NA,0,1,0
"136","Seafields Solutions",2022,4,1,0,NA,NA,NA,NA,NA,246,NA,246,316,409,30,5,NA,501,44.7,2032,NA,NA,"0",0,0,0,0,NA,NA,NA,NA,NA,NA,NA,NA,NA,NA,NA,NA,NA,NA,NA,NA,NA,NA,NA,NA,NA,0,1,0
"137","Seaweed Generation",2022,2,1,0,NA,NA,NA,NA,NA,400,NA,270,NA,NA,NA,NA,NA,1470,63.21,1412,NA,NA,"0",130,0,0,0,NA,NA,"A method and system for carbon sequestration",NA,NA,"WO-2023187346-A1",NA,2023-03-27,2023,"Seaweed Generation Ltd",NA,NA,NA,NA,NA,NA,NA,NA,NA,NA,"Patricia ESTRIDGE",1,4,2
"138","Seaweed Generation",2022,4,1,0,NA,NA,NA,NA,NA,393,NA,393,74,225,71,23,NA,1290,18,1272,NA,NA,"0",0,0,0,0,NA,NA,"A rig for use in growing seaweed and a method of operating such a rig",NA,NA,"GB-202214031-D0",NA,2022-09-26,2022,"Seaweed Generation Ltd",NA,NA,NA,NA,NA,NA,NA,NA,NA,NA,NA,0,4,2
"139","Silicate",2022,2,1,0,NA,NA,NA,NA,NA,280,NA,280,NA,NA,NA,NA,NA,2052,30,2000,NA,NA,"0",0,0,0,0,NA,NA,NA,NA,NA,NA,NA,NA,NA,NA,NA,NA,NA,NA,NA,NA,NA,NA,NA,NA,NA,0,1,0
"140","SilviaTerra",2020,1,1,0,"Southern USA","forests,ifm",1.5e+07,1,1,15,NA,NA,NA,NA,NA,NA,1500000,NA,NA,1500000,NA,NA,"0",NA,0,0,0,NA,NA,NA,NA,NA,NA,NA,NA,NA,NA,NA,NA,NA,NA,NA,NA,NA,NA,NA,NA,NA,0,1,0
"141","Sinkco",2022,4,1,0,NA,NA,NA,NA,NA,1838,NA,1838,1138,224,395,66,NA,494,58,287,NA,NA,"0",0,0,0,0,NA,NA,"Circular methods for manufacturing products from algal biomass and atmospheric carbon removal with long-lived storage using algae residual biomass using packing and spreaded sinkage",NA,NA,"US20230132519A1","US17/975,985",2022-10-29,2022,"Sinko Labs, Sinkco Labs",1,0,"A01G33/00 Cultivation of seaweed or algae",NA,NA,NA,NA,NA,NA,NA,"Victor Adrian Daniel Choquet, Viji Donato Thomas",0,1,0
"142","Skyology",2022,4,1,0,NA,NA,NA,NA,NA,1650,NA,1650,1095,380,135,40,NA,312,13.64,303,NA,NA,"0",0,0,0,0,NA,NA,NA,NA,NA,NA,NA,NA,NA,NA,NA,NA,NA,NA,NA,NA,NA,NA,NA,NA,NA,0,1,0
"143","Skyology",2023,3,1,0,NA,NA,NA,NA,NA,980,NA,NA,NA,NA,NA,NA,NA,NA,NA,1000,NA,NA,"0",NA,0,0,0,NA,NA,NA,NA,NA,NA,NA,NA,NA,NA,NA,NA,NA,NA,NA,NA,NA,NA,NA,NA,NA,0,1,0
"144","Soil Value Exchange",2020,1,1,0,"0","soil,grazing",33000,0,10,30,NA,NA,NA,NA,NA,NA,33000,NA,NA,33000,NA,NA,"0",NA,0,0,0,NA,NA,NA,NA,NA,NA,NA,NA,NA,NA,NA,NA,NA,NA,NA,NA,NA,NA,NA,NA,NA,0,1,0
"145","Solid Carbon",2021,4,1,0,"Cascadia Basin, Canada","mineralization,injection",10000,0,1000,2000,NA,190,NA,NA,NA,NA,NA,10000,3400,10000,NA,NA,"0",1810,0,0,0,NA,NA,"Fiber optic sensor for measurement of carbon dioxide","US",NA,"US9891166B2","US15/032,794",2014-11-03,2014,"Ocean Networks Canada",9,0," G01N21/45 Refractivity; Phase-affecting properties, e.g. optical path length using interferometric methods; using Schlieren methods",NA,NA,NA,NA,NA,NA,NA,"Peter Wild, Thomas Fyles, David A. Risk, David A. Sinton, Bo Bao, Luis Melo, Martin B. G. Jun, Geoff Burton",0,1,0
"146","Solugen",2021,2,1,0,"Texas, USA","biomass,injection",16384,0,1000,NA,NA,NA,NA,NA,NA,NA,NA,9824,0.4,9824,NA,NA,"0",NA,0,0,0,NA,NA,"Water purification method, process and apparatus",NA,NA,NA,NA,2006-10-26,2006,"Daniel Blanchette",NA,NA,NA,NA,NA,NA,NA,NA,NA,NA,"Daniel Blanchette",0,40,12
"147","Spiritus",2023,3,1,1,NA,"DAC",NA,NA,NA,700,700,NA,NA,NA,NA,NA,NA,NA,NA,714,713,0,"1",NA,0,1,1,NA,NA,NA,NA,NA,NA,NA,NA,NA,NA,NA,NA,NA,NA,NA,NA,NA,NA,NA,NA,NA,0,1,0
"148","Standard Gas Technologies",2021,2,1,0,"United Kingdom","biomass,biochar",2700,0,547,120,NA,0,NA,NA,NA,NA,NA,16766,2284,16766,NA,NA,"0",120,0,0,0,NA,NA,NA,NA,NA,NA,NA,NA,NA,NA,NA,NA,NA,NA,NA,NA,NA,NA,NA,NA,NA,0,1,0
"149","Susewi",2021,2,1,0,"Morocco","ocean,burial",72.5,0,1000,660,NA,800,NA,NA,NA,NA,NA,145,95.8,145,NA,NA,"0",-140,0,0,0,NA,NA,NA,NA,NA,NA,NA,NA,NA,NA,NA,NA,NA,NA,NA,NA,NA,NA,NA,NA,NA,0,1,0
"150","Sustaera",2021,4,1,1,"North Carolina, USA","DAC",3500,0,1000,777.78,700,1500,NA,NA,NA,NA,NA,3500,350,3500,714,0,"1",-722.22,77.78,2786,1,"05/12/2021",NA,"Systems and processes for removal of carbon dioxide (co2) from co2-containing gases using alkali metal adsorbents","Canada",NA,"CA3217072A1","CA3217072A",2022-05-03,2022,"Sustaera Inc",5,0,"C01B32/50 Carbon dioxide",NA,NA,NA,NA,NA,NA,NA,"Raghubir Prasad GUPTA, Cory Elliott SANDERSON, Tyson Lee Lanigan-Atkins,Jian Ping SHEN",0,2,2
"151","Swaniti initiative",2022,4,1,0,NA,NA,NA,NA,NA,105,NA,105,3,108,8,10,NA,3300,305.3,NA,NA,NA,"0",0,0,0,0,NA,NA,NA,NA,NA,NA,NA,NA,NA,NA,NA,NA,NA,NA,NA,NA,NA,NA,NA,NA,NA,0,1,0
"152","Takachar",2022,4,1,0,NA,NA,NA,NA,NA,NA,NA,NA,NA,NA,NA,NA,NA,NA,NA,4760,NA,NA,"0",NA,0,0,0,NA,NA,"System and method for the control of biomass conversion systems",NA,NA,"AU2020384273A1",NA,2020-11-11,2020,"Takachar Ltd",1,0,NA,NA,NA,NA,NA,NA,NA,NA,"Kevin Kung, Vidyut Mohan",0,2,0
"153","TerraFixing",2022,4,1,0,NA,NA,NA,NA,NA,800,NA,546.51,249.66,196.74,99.38,0.74,NA,1000,295,13705,NA,NA,"0",253.49,0,0,0,NA,NA,"Direct air capture and concentration of co2 using adsorbents",NA,NA,"DK202370339A1","DKPA202370339A",2023-06-27,2023,"Terrafixing Inc",NA,0,NA,NA,NA,NA,NA,NA,NA,NA,"Michael Wynn Wilson Sean",0,1,1
"154","The Future Forest Company",2021,2,1,1,NA,"Enhanced weathering",NA,NA,NA,100,200,200,NA,NA,NA,NA,NA,8308,92,8308,1500,0,"1",-100,-100,6808,1,"17/05/2021",NA,NA,NA,NA,NA,NA,NA,NA,NA,NA,NA,NA,NA,NA,NA,NA,NA,NA,NA,NA,0,1,0
"155","Thermodynamic Geoengineering",2021,2,1,0,NA,NA,NA,NA,NA,40,NA,NA,NA,NA,NA,NA,NA,12569811,0,12569811,NA,NA,"0",NA,0,0,0,NA,NA,NA,NA,NA,NA,NA,NA,NA,NA,NA,NA,NA,NA,NA,NA,NA,NA,NA,NA,NA,0,1,0
"156","Travertine Tech",2022,2,1,1,NA,"Capture and storage",NA,NA,NA,1369,1370,1369,NA,NA,NA,NA,NA,365,48.5,329.5,365,0,"1",0,-1,-35.5,1,"30/06/2022",NA,NA,NA,NA,NA,NA,NA,NA,NA,NA,NA,NA,NA,NA,NA,NA,NA,NA,NA,NA,0,1,0
"157","VEOLIA ES UK",2023,3,1,0,NA,NA,NA,NA,NA,550,NA,NA,NA,NA,NA,NA,NA,NA,NA,847,NA,NA,"0",NA,0,0,0,NA,NA,"Fluid spraying apparatus",NA,"CA2361632A1",NA,"CA002361632A",2000-02-11,2000,"Veolia ES UK Ltd",NA,1,NA,NA,NA,NA,NA,NA,NA,NA,"Dennis Barker",1,1,0
"158","Vandersanden",2020,1,1,0,"Finland","mineralization,concrete",10,0,1000,20,NA,NA,NA,NA,NA,NA,10,NA,NA,10,NA,NA,"0",NA,0,0,0,NA,NA,"Brick clay kneaded and rolled on sand-covered conveyor - using diabolo-shaped roller for complete sand-coating before placing in mould",NA,NA,"BE-892313-A",NA,1982-03-01,1982,"Steenfabrieken Vandersanden",NA,NA,NA,NA,NA,NA,NA,NA,NA,NA,NA,0,16,1
"159","Vaulted",2022,2,1,0,NA,NA,NA,NA,NA,300,NA,291,NA,NA,NA,NA,NA,9506,198,9308,NA,NA,"0",9,0,0,0,NA,NA,"Method for biosolid disposal and methane generation",NA,NA,"AU-2002213006-B2",NA,2001-10-02,2001,"Geoenvironment Technologies Llc",NA,NA,NA,NA,NA,NA,NA,NA,NA,NA,"Roman Bilak, Michael S. Bruno, Maurice B. Dusseault",0,5,0
"160","Vaulted",2023,3,1,1,NA,"Biomass injection",NA,NA,NA,300,300,NA,NA,NA,NA,NA,NA,NA,NA,1666.66,1666,0,"1",NA,0,0.660000000000082,1,NA,NA,"Method for biosolid disposal and methane generation",NA,NA,"CA-2559624-C",NA,2001-10-02,2001,"Michael S. Bruno, Maurice B. Dusseault, Terralog Technologies Inc., Terralog Technologies Usa, Inc., Roman Bilak, Geoenvironment Technologies Llc",NA,NA,NA,NA,NA,NA,NA,NA,NA,NA,"Michael S. Bruno, Maurice B. Dusseault, Roman Bilak",1,5,0
"161","Verde AgriTech",2023,3,1,0,NA,NA,NA,NA,NA,315,NA,NA,NA,NA,NA,NA,NA,NA,NA,1590,NA,NA,"0",NA,0,0,0,NA,NA,NA,NA,NA,NA,NA,NA,NA,NA,NA,NA,NA,NA,NA,NA,NA,NA,NA,NA,NA,0,1,0
"162","Vycarb",2023,3,1,1,NA,"Ocean Alkalinity Enhancement",NA,NA,NA,2174,1700,NA,NA,NA,NA,NA,NA,NA,NA,219,58,0,"1",NA,474,161,1,NA,NA,NA,NA,NA,NA,NA,NA,NA,NA,NA,NA,NA,NA,NA,NA,NA,NA,NA,NA,NA,0,1,0
"163","ZS2",2022,4,1,0,NA,NA,NA,NA,NA,572,NA,572,205,314,53,NA,NA,961852,280,1000,NA,NA,"0",0,0,0,0,NA,NA,"Methods for re-using industrial waste for carbon sequestration and magnesium­based cements",NA,NA,"CA3137330A1","CA3137330A",2021-11-01,2021,"ZS2 Technologies Ltd",NA,0,NA,NA,NA,NA,NA,NA,NA,NA,"Douglas Geoffrey Brown",0,2,0
"164","ZS2 Technologies",2023,3,1,0,NA,NA,NA,NA,NA,447,NA,NA,NA,NA,NA,NA,NA,NA,NA,1000,NA,NA,"0",NA,0,0,0,NA,NA,"Methods for re-using industrial waste for carbon sequestration and magnesium­based cements",NA,NA,"CA3137330A1","CA3137330A",2021-11-01,2021,"ZS2 Technologies Ltd",NA,0,NA,NA,NA,NA,NA,NA,NA,NA,"Douglas Geoffrey Brown",1,2,0
"165","x_44",2022,2,1,0,NA,NA,NA,NA,NA,1200,NA,1200,NA,NA,NA,NA,NA,365,47,318,NA,NA,"0",0,0,0,0,NA,NA,NA,NA,NA,NA,NA,NA,NA,NA,NA,NA,NA,NA,NA,NA,NA,NA,NA,NA,NA,0,1,0
